{
  "object_id": "OXO_Soft_Works_Can_Opener_SnapLock",
  "selected_seed_by_difix": 42,
  "default_seed": 42,
  "best_seed_by_cd": 3,
  "default_cd": 0.43803457264870427,
  "selected_cd": 0.43803457264870427,
  "oracle_best_cd": 0.3287914280440918,
  "selected_improvement_pct": 0.0,
  "gap_closed_pct": 0.0,
  "difix_scores": {
    "0": -0.017899423682441313,
    "1": -0.014465296330551306,
    "2": -0.015249343123286963,
    "3": -0.019387667067348957,
    "4": -0.015033758245408535,
    "5": -0.017442359278599422,
    "6": -0.01441630907356739,
    "42": -0.014060821228971085
  },
  "seed_metrics": {
    "0": {
      "cd": 0.5021381782163501,
      "fs": 0.4696921726661393,
      "psnr": 8.844680370920608
    },
    "1": {
      "cd": 0.34857876342947425,
      "fs": 0.6742447793717088,
      "psnr": 8.882807049757124
    },
    "2": {
      "cd": 0.41301871804517853,
      "fs": 0.5843855028007469,
      "psnr": 9.089382111924591
    },
    "3": {
      "cd": 0.3287914280440918,
      "fs": 0.6874061549161088,
      "psnr": 8.216739508280765
    },
    "4": {
      "cd": 0.4460758010627087,
      "fs": 0.5456320653418852,
      "psnr": 10.01323387027801
    },
    "5": {
      "cd": 0.4442663434182484,
      "fs": 0.5397482037132839,
      "psnr": 8.055494814074034
    },
    "6": {
      "cd": 0.47249561907987125,
      "fs": 0.5147043895331188,
      "psnr": 9.96446104761213
    },
    "42": {
      "cd": 0.43803457264870427,
      "fs": 0.5434381266112862,
      "psnr": 9.303122970984132
    }
  }
}