{
  "object_id": "Mens_Billfish_Slip_On_in_Coffee_e8bPKE9Lfgo",
  "selected_seed_by_difix": 0,
  "default_seed": 42,
  "best_seed_by_cd": 5,
  "default_cd": 0.5504472198809258,
  "selected_cd": 0.5514470560357971,
  "oracle_best_cd": 0.5320006518171816,
  "selected_improvement_pct": -0.18164069483130488,
  "gap_closed_pct": -5.4201743729037615,
  "difix_scores": {
    "0": -0.05716675644119581,
    "1": -0.060376872618993126,
    "2": -0.058559549351533256,
    "42": -0.06933194833497207
  },
  "seed_metrics": {
    "0": {
      "cd": 0.5514470560357971,
      "fs": 0.4345416860118061,
      "psnr": 9.169220699230431
    },
    "1": {
      "cd": 0.5558653301538238,
      "fs": 0.4258518648486064,
      "psnr": 8.732661258363315
    },
    "2": {
      "cd": 0.556337476101282,
      "fs": 0.4257937457969065,
      "psnr": 8.256546941117797
    },
    "42": {
      "cd": 0.5504472198809258,
      "fs": 0.4317861403857626,
      "psnr": 7.907695148926102
    },
    "3": {
      "cd": 0.5400491930698642,
      "fs": 0.43974540494901604,
      "psnr": -1.0
    },
    "4": {
      "cd": 0.5441604390213268,
      "fs": 0.4412596872157984,
      "psnr": -1.0
    },
    "5": {
      "cd": 0.5320006518171816,
      "fs": 0.4503906869643085,
      "psnr": -1.0
    },
    "6": {
      "cd": 0.5541834048668682,
      "fs": 0.4287048790162634,
      "psnr": -1.0
    }
  }
}