{
  "zero_shot": {
    "n_objects": 150,
    "baseline_mean": 0.21626648124885928,
    "selected_mean": 0.21607838389952966,
    "oracle_mean": 0.21117477076271796,
    "improvement": 0.00018809734932961897,
    "improvement_pct": 0.08697480452977552,
    "oracle_improvement": 0.005091710486141321,
    "gap_closed_pct": 3.6941878341587686,
    "wins": 57,
    "ties": 41,
    "losses": 52,
    "win_rate": 0.38,
    "method": "zero_shot",
    "alpha": 0.4,
    "lambda_risk": 0.3,
    "mean_k": 3.986666666666667,
    "estimated_inference_ms": 39.86666666666667,
    "selection_methods": {
      "zero_shot": 150
    },
    "skipped_objects": 0,
    "feature_npz": "/root/eccv/eccv_rebuttal/results/hybrid/snapshots/wonder3d_20260307_084332Z/files/features_wonder3d_774.npz",
    "model_path": null,
    "mc_samples": 16
  },
  "learned": {
    "n_objects": 150,
    "baseline_mean": 0.21626648124885928,
    "selected_mean": 0.21676838965004488,
    "oracle_mean": 0.21117477076271796,
    "improvement": -0.0005019084011856079,
    "improvement_pct": -0.23207868287645486,
    "oracle_improvement": 0.005091710486141321,
    "gap_closed_pct": -9.857363307511458,
    "wins": 50,
    "ties": 45,
    "losses": 55,
    "win_rate": 0.3333333333333333,
    "method": "learned",
    "alpha": 0.4,
    "lambda_risk": 0.3,
    "mean_k": 3.986666666666667,
    "estimated_inference_ms": 442.52000000000004,
    "selection_methods": {
      "learned": 150
    },
    "skipped_objects": 0,
    "feature_npz": "/root/eccv/eccv_rebuttal/results/hybrid/snapshots/wonder3d_20260307_084332Z/files/features_wonder3d_774.npz",
    "model_path": "/root/eccv/eccv_rebuttal/results/hybrid/snapshots/wonder3d_20260307_084332Z/files/hybrid_verifier_best.pth",
    "mc_samples": 16
  },
  "hybrid_grid": [
    {
      "n_objects": 150,
      "baseline_mean": 0.21626648124885928,
      "selected_mean": 0.21616433058758522,
      "oracle_mean": 0.21117477076271796,
      "improvement": 0.00010215066127405859,
      "improvement_pct": 0.047233700148158024,
      "oracle_improvement": 0.005091710486141321,
      "gap_closed_pct": 2.006215034261934,
      "wins": 57,
      "ties": 40,
      "losses": 53,
      "win_rate": 0.38,
      "method": "hybrid",
      "alpha": 0.3,
      "lambda_risk": 0.3,
      "mean_k": 3.986666666666667,
      "estimated_inference_ms": 160.66266666666667,
      "selection_methods": {
        "hybrid_risk_aware": 150
      },
      "skipped_objects": 0,
      "feature_npz": "/root/eccv/eccv_rebuttal/results/hybrid/snapshots/wonder3d_20260307_084332Z/files/features_wonder3d_774.npz",
      "model_path": "/root/eccv/eccv_rebuttal/results/hybrid/snapshots/wonder3d_20260307_084332Z/files/hybrid_verifier_best.pth",
      "mc_samples": 16
    },
    {
      "n_objects": 150,
      "baseline_mean": 0.21626648124885928,
      "selected_mean": 0.21616433058758522,
      "oracle_mean": 0.21117477076271796,
      "improvement": 0.00010215066127405859,
      "improvement_pct": 0.047233700148158024,
      "oracle_improvement": 0.005091710486141321,
      "gap_closed_pct": 2.006215034261934,
      "wins": 57,
      "ties": 40,
      "losses": 53,
      "win_rate": 0.38,
      "method": "hybrid",
      "alpha": 0.4,
      "lambda_risk": 0.3,
      "mean_k": 3.986666666666667,
      "estimated_inference_ms": 200.92800000000003,
      "selection_methods": {
        "hybrid_risk_aware": 150
      },
      "skipped_objects": 0,
      "feature_npz": "/root/eccv/eccv_rebuttal/results/hybrid/snapshots/wonder3d_20260307_084332Z/files/features_wonder3d_774.npz",
      "model_path": "/root/eccv/eccv_rebuttal/results/hybrid/snapshots/wonder3d_20260307_084332Z/files/hybrid_verifier_best.pth",
      "mc_samples": 16
    },
    {
      "n_objects": 150,
      "baseline_mean": 0.21626648124885928,
      "selected_mean": 0.21616433058758522,
      "oracle_mean": 0.21117477076271796,
      "improvement": 0.00010215066127405859,
      "improvement_pct": 0.047233700148158024,
      "oracle_improvement": 0.005091710486141321,
      "gap_closed_pct": 2.006215034261934,
      "wins": 57,
      "ties": 40,
      "losses": 53,
      "win_rate": 0.38,
      "method": "hybrid",
      "alpha": 0.5,
      "lambda_risk": 0.3,
      "mean_k": 3.986666666666667,
      "estimated_inference_ms": 241.19333333333336,
      "selection_methods": {
        "hybrid_risk_aware": 150
      },
      "skipped_objects": 0,
      "feature_npz": "/root/eccv/eccv_rebuttal/results/hybrid/snapshots/wonder3d_20260307_084332Z/files/features_wonder3d_774.npz",
      "model_path": "/root/eccv/eccv_rebuttal/results/hybrid/snapshots/wonder3d_20260307_084332Z/files/hybrid_verifier_best.pth",
      "mc_samples": 16
    },
    {
      "n_objects": 150,
      "baseline_mean": 0.21626648124885928,
      "selected_mean": 0.21619383002216466,
      "oracle_mean": 0.21117477076271796,
      "improvement": 7.265122669461443e-05,
      "improvement_pct": 0.03359338269854873,
      "oracle_improvement": 0.005091710486141321,
      "gap_closed_pct": 1.4268530564013295,
      "wins": 56,
      "ties": 42,
      "losses": 52,
      "win_rate": 0.37333333333333335,
      "method": "hybrid",
      "alpha": 0.3,
      "lambda_risk": 0.1,
      "mean_k": 3.986666666666667,
      "estimated_inference_ms": 160.66266666666667,
      "selection_methods": {
        "hybrid_risk_aware": 150
      },
      "skipped_objects": 0,
      "feature_npz": "/root/eccv/eccv_rebuttal/results/hybrid/snapshots/wonder3d_20260307_084332Z/files/features_wonder3d_774.npz",
      "model_path": "/root/eccv/eccv_rebuttal/results/hybrid/snapshots/wonder3d_20260307_084332Z/files/hybrid_verifier_best.pth",
      "mc_samples": 16
    },
    {
      "n_objects": 150,
      "baseline_mean": 0.21626648124885928,
      "selected_mean": 0.21619383002216466,
      "oracle_mean": 0.21117477076271796,
      "improvement": 7.265122669461443e-05,
      "improvement_pct": 0.03359338269854873,
      "oracle_improvement": 0.005091710486141321,
      "gap_closed_pct": 1.4268530564013295,
      "wins": 56,
      "ties": 42,
      "losses": 52,
      "win_rate": 0.37333333333333335,
      "method": "hybrid",
      "alpha": 0.4,
      "lambda_risk": 0.1,
      "mean_k": 3.986666666666667,
      "estimated_inference_ms": 200.92800000000003,
      "selection_methods": {
        "hybrid_risk_aware": 150
      },
      "skipped_objects": 0,
      "feature_npz": "/root/eccv/eccv_rebuttal/results/hybrid/snapshots/wonder3d_20260307_084332Z/files/features_wonder3d_774.npz",
      "model_path": "/root/eccv/eccv_rebuttal/results/hybrid/snapshots/wonder3d_20260307_084332Z/files/hybrid_verifier_best.pth",
      "mc_samples": 16
    },
    {
      "n_objects": 150,
      "baseline_mean": 0.21626648124885928,
      "selected_mean": 0.21619383002216466,
      "oracle_mean": 0.21117477076271796,
      "improvement": 7.265122669461443e-05,
      "improvement_pct": 0.03359338269854873,
      "oracle_improvement": 0.005091710486141321,
      "gap_closed_pct": 1.4268530564013295,
      "wins": 56,
      "ties": 42,
      "losses": 52,
      "win_rate": 0.37333333333333335,
      "method": "hybrid",
      "alpha": 0.5,
      "lambda_risk": 0.1,
      "mean_k": 3.986666666666667,
      "estimated_inference_ms": 241.19333333333336,
      "selection_methods": {
        "hybrid_risk_aware": 150
      },
      "skipped_objects": 0,
      "feature_npz": "/root/eccv/eccv_rebuttal/results/hybrid/snapshots/wonder3d_20260307_084332Z/files/features_wonder3d_774.npz",
      "model_path": "/root/eccv/eccv_rebuttal/results/hybrid/snapshots/wonder3d_20260307_084332Z/files/hybrid_verifier_best.pth",
      "mc_samples": 16
    },
    {
      "n_objects": 150,
      "baseline_mean": 0.21626648124885928,
      "selected_mean": 0.2162291730172646,
      "oracle_mean": 0.21117477076271796,
      "improvement": 3.730823159467378e-05,
      "improvement_pct": 0.01725104666207749,
      "oracle_improvement": 0.005091710486141321,