{
  "object_id": "2_of_Jenga_Classic_Game",
  "selected_seed_by_difix": 0,
  "default_seed": 42,
  "best_seed_by_cd": 0,
  "default_cd": 0.3299336399319089,
  "selected_cd": 0.09972899470709885,
  "oracle_best_cd": 0.09972899470709885,
  "selected_improvement_pct": 69.77301413469668,
  "gap_closed_pct": 100.0,
  "difix_scores": {
    "0": -0.05276108284791311,
    "1": -0.056701261550188065,
    "2": -0.06769663157562415,
    "6": -0.059543988977869354,
    "42": -0.08595377579331398
  },
  "seed_metrics": {
    "0": {
      "cd": 0.09972899470709885,
      "fs": 0.9985290896003505,
      "psnr": 13.298909692173911
    },
    "1": {
      "cd": 0.10091141322712088,
      "fs": 0.9986232749718362,
      "psnr": 13.429145182489767
    },
    "2": {
      "cd": 0.10903745913465816,
      "fs": 0.9988749648041546,
      "psnr": 13.19406019205427
    },
    "6": {
      "cd": 0.10065632161371015,
      "fs": 0.9985604306190149,
      "psnr": 13.7115226933928
    },
    "42": {
      "cd": 0.3299336399319089,
      "fs": 0.6051355312663714,
      "psnr": 8.995095184696254
    },
    "3": {
      "cd": 0.11135421498566497,
      "fs": 0.99825,
      "psnr": -1.0
    },
    "4": {
      "cd": 0.10939210990631328,
      "fs": 0.9982498082582018,
      "psnr": -1.0
    },
    "5": {
      "cd": 0.10373150037665235,
      "fs": 0.9983729302303743,
      "psnr": -1.0
    }
  }
}