{
  "zero_shot": {
    "n_objects": 150,
    "baseline_mean": 0.21626648124885928,
    "selected_mean": 0.21607838389952966,
    "oracle_mean": 0.21117477076271796,
    "improvement": 0.00018809734932961897,
    "improvement_pct": 0.08697480452977552,
    "oracle_improvement": 0.005091710486141321,
    "gap_closed_pct": 3.6941878341587686,
    "wins": 57,
    "ties": 41,
    "losses": 52,
    "win_rate": 0.38,
    "method": "zero_shot",
    "alpha": 0.4,
    "lambda_risk": 0.3,
    "mean_k": 3.986666666666667,
    "estimated_inference_ms": 39.86666666666667,
    "selection_methods": {
      "zero_shot": 150
    },
    "skipped_objects": 0,
    "feature_npz": "/root/eccv/eccv_rebuttal/results/hybrid/snapshots/wonder3d_20260307_084332Z/files/features_wonder3d_774.npz",
    "model_path": null,
    "mc_samples": 32
  },
  "learned": {
    "n_objects": 150,
    "baseline_mean": 0.21626648124885928,
    "selected_mean": 0.21676838965004488,
    "oracle_mean": 0.21117477076271796,
    "improvement": -0.0005019084011856079,
    "improvement_pct": -0.23207868287645486,
    "oracle_improvement": 0.005091710486141321,
    "gap_closed_pct": -9.857363307511458,
    "wins": 50,
    "ties": 45,
    "losses": 55,
    "win_rate": 0.3333333333333333,
    "method": "learned",
    "alpha": 0.4,
    "lambda_risk": 0.3,
    "mean_k": 3.986666666666667,
    "estimated_inference_ms": 442.52000000000004,
    "selection_methods": {
      "learned": 150
    },
    "skipped_objects": 0,
    "feature_npz": "/root/eccv/eccv_rebuttal/results/hybrid/snapshots/wonder3d_20260307_084332Z/files/features_wonder3d_774.npz",
    "model_path": "/root/eccv/eccv_rebuttal/results/hybrid/snapshots/wonder3d_20260307_084332Z/files/hybrid_verifier_best.pth",
    "mc_samples": 32
  },
  "hybrid_grid": [
    {
      "n_objects": 150,
      "baseline_mean": 0.21626648124885928,
      "selected_mean": 0.21669077319117624,
      "oracle_mean": 0.21117477076271796,
      "improvement": -0.00042429194231696776,
      "improvement_pct": -0.1961894140353318,
      "oracle_improvement": 0.005091710486141321,
      "gap_closed_pct": -8.332994255502364,
      "wins": 56,
      "ties": 43,
      "losses": 51,
      "win_rate": 0.37333333333333335,
      "method": "hybrid",
      "alpha": 0.3,
      "lambda_risk": 0.1,
      "mean_k": 3.986666666666667,
      "estimated_inference_ms": 160.66266666666667,
      "selection_methods": {
        "hybrid_risk_aware": 150
      },
      "skipped_objects": 0,
      "feature_npz": "/root/eccv/eccv_rebuttal/results/hybrid/snapshots/wonder3d_20260307_084332Z/files/features_wonder3d_774.npz",
      "model_path": "/root/eccv/eccv_rebuttal/results/hybrid/snapshots/wonder3d_20260307_084332Z/files/hybrid_verifier_best.pth",
      "mc_samples": 32
    },
    {
      "n_objects": 150,
      "baseline_mean": 0.21626648124885928,
      "selected_mean": 0.21669077319117624,
      "oracle_mean": 0.21117477076271796,
      "improvement": -0.00042429194231696776,
      "improvement_pct": -0.1961894140353318,
      "oracle_improvement": 0.005091710486141321,
      "gap_closed_pct": -8.332994255502364,
      "wins": 56,
      "ties": 43,
      "losses": 51,
      "win_rate": 0.37333333333333335,
      "method": "hybrid",
      "alpha": 0.4,
      "lambda_risk": 0.1,
      "mean_k": 3.986666666666667,
      "estimated_inference_ms": 200.92800000000003,
      "selection_methods": {
        "hybrid_risk_aware": 150
      },
      "skipped_objects": 0,
      "feature_npz": "/root/eccv/eccv_rebuttal/results/hybrid/snapshots/wonder3d_20260307_084332Z/files/features_wonder3d_774.npz",
      "model_path": "/root/eccv/eccv_rebuttal/results/hybrid/snapshots/wonder3d_20260307_084332Z/files/hybrid_verifier_best.pth",
      "mc_samples": 32
    },
    {
      "n_objects": 150,
      "baseline_mean": 0.21626648124885928,
      "selected_mean": 0.21669077319117624,
      "oracle_mean": 0.21117477076271796,
      "improvement": -0.00042429194231696776,
      "improvement_pct": -0.1961894140353318,
      "oracle_improvement": 0.005091710486141321,
      "gap_closed_pct": -8.332994255502364,
      "wins": 56,
      "ties": 43,
      "losses": 51,
      "win_rate": 0.37333333333333335,
      "method": "hybrid",
      "alpha": 0.5,
      "lambda_risk": 0.1,
      "mean_k": 3.986666666666667,
      "estimated_inference_ms": 241.19333333333336,
      "selection_methods": {
        "hybrid_risk_aware": 150
      },
      "skipped_objects": 0,
      "feature_npz": "/root/eccv/eccv_rebuttal/results/hybrid/snapshots/wonder3d_20260307_084332Z/files/features_wonder3d_774.npz",
      "model_path": "/root/eccv/eccv_rebuttal/results/hybrid/snapshots/wonder3d_20260307_084332Z/files/hybrid_verifier_best.pth",
      "mc_samples": 32
    },
    {
      "n_objects": 150,
      "baseline_mean": 0.21626648124885928,
      "selected_mean": 0.21680573280401272,
      "oracle_mean": 0.21117477076271796,
      "improvement": -0.0005392515551534416,
      "improvement_pct": -0.24934587738213637,
      "oracle_improvement": 0.005091710486141321,
      "gap_closed_pct": -10.590774094897638,
      "wins": 54,
      "ties": 44,
      "losses": 52,
      "win_rate": 0.36,
      "method": "hybrid",
      "alpha": 0.3,
      "lambda_risk": 0.5,
      "mean_k": 3.986666666666667,
      "estimated_inference_ms": 160.66266666666667,
      "selection_methods": {
        "hybrid_risk_aware": 150
      },
      "skipped_objects": 0,
      "feature_npz": "/root/eccv/eccv_rebuttal/results/hybrid/snapshots/wonder3d_20260307_084332Z/files/features_wonder3d_774.npz",
      "model_path": "/root/eccv/eccv_rebuttal/results/hybrid/snapshots/wonder3d_20260307_084332Z/files/hybrid_verifier_best.pth",
      "mc_samples": 32
    },
    {
      "n_objects": 150,
      "baseline_mean": 0.21626648124885928,
      "selected_mean": 0.21680573280401272,
      "oracle_mean": 0.21117477076271796,
      "improvement": -0.0005392515551534416,
      "improvement_pct": -0.24934587738213637,
      "oracle_improvement": 0.005091710486141321,
      "gap_closed_pct": -10.590774094897638,
      "wins": 54,
      "ties": 44,
      "losses": 52,
      "win_rate": 0.36,
      "method": "hybrid",
      "alpha": 0.4,
      "lambda_risk": 0.5,
      "mean_k": 3.986666666666667,
      "estimated_inference_ms": 200.92800000000003,
      "selection_methods": {
        "hybrid_risk_aware": 150
      },
      "skipped_objects": 0,
      "feature_npz": "/root/eccv/eccv_rebuttal/results/hybrid/snapshots/wonder3d_20260307_084332Z/files/features_wonder3d_774.npz",
      "model_path": "/root/eccv/eccv_rebuttal/results/hybrid/snapshots/wonder3d_20260307_084332Z/files/hybrid_verifier_best.pth",
      "mc_samples": 32
    },
    {
      "n_objects": 150,
      "baseline_mean": 0.21626648124885928,
      "selected_mean": 0.21680573280401272,
      "oracle_mean": 0.21117477076271796,
      "improvement": -0.0005392515551534416,
      "improvement_pct": -0.24934587738213637,
      "oracle_improvement": 0.005091710486141321,
      "gap_closed_pct": -10.590774094897638,
      "wins": 54,
      "ties": 44,
      "losses": 52,
      "win_rate": 0.36,
      "method": "hybrid",
      "alpha": 0.5,
      "lambda_risk": 0.5,
      "mean_k": 3.986666666666667,
      "estimated_inference_ms": 241.19333333333336,
      "selection_methods": {
        "hybrid_risk_aware": 150
      },
      "skipped_objects": 0,
      "feature_npz": "/root/eccv/eccv_rebuttal/results/hybrid/snapshots/wonder3d_20260307_084332Z/files/features_wonder3d_774.npz",
      "model_path": "/root/eccv/eccv_rebuttal/results/hybrid/snapshots/wonder3d_20260307_084332Z/files/hybrid_verifier_best.pth",
      "mc_samples": 32
    },
    {
      "n_objects": 150,
      "baseline_mean": 0.21626648124885928,
      "selected_mean": 0.21685213248445745,
      "oracle_mean": 0.21117477076271796,
      "improvement": -0.0005856512355981724,
      "improvement_pct": -0.27080074185155845,
      "oracle_improvement": 0.005091710486141321,